000,3.33938,5.34578,9.83661,27.2296,73.5563,5.72269,9.2857,16.8395,34.1715,73.3974,5.72457,9.28759,16.8401,34.1696,73.4018,4.55428,7.2234,12.9197,29.817,72.7284,3.40723,5.53549,10.304,27.7359,74.1392
001,3.06948,5.29125,10.9132,30.1806,74.8861,6.48178,9.98072,16.918,35.5427,74.8237,6.48178,9.97978,16.9171,35.538,74.8125,4.88602,7.72635,13.842,32.7722,74.8833,3.01825,5.27635,11.0446,30.4061,75.4655
002,6.02789,7.66093,12.1767,30.8848,77.0715,8.27619,12.0657,19.8055,37.2609,77.269,8.27773,12.0657,19.807,37.2647,77.2613,7.56528,10.171,15.9616,33.4537,76.5213,6.79314,8.53791,13.0774,31.7893,77.8521
003,5.27681,7.68004,13.2721,31.9872,79.2521,6.55192,9.93702,17.947,36.4232,77.1223,6.55118,9.93849,17.9404,36.4203,77.1252,6.09259,8.71335,15.1249,33.2469,77.9322,5.81846,8.33045,14.1085,33.0492,80.0598
004,3.94,5.87332,10.4476,28.4723,72.6692,6.42881,9.94303,17.5432,33.911,72.0506,6.42881,9.94303,17.5432,33.9198,72.0472,5.22481,7.8182,13.5673,30.3995,72.3643,3.97938,5.85431,10.3966,28.6794,73.3734
005,8.715,10.8939,15.7291,32.9541,73.58,10.3219,13.3822,19.8257,35.4732,71.6699,10.3219,13.3822,19.8298,35.4759,71.6692,10.0106,12.5674,17.7119,33.9616,72.6232,9.12994,11.3061,16.227,33.7647,74.6183
006,6.77727,8.16988,11.15,27.0147,71.3277,7.00037,9.38661,15.8578,33.776,72.7904,7.00037,9.38661,15.8578,33.7881,72.7972,7.22041,9.04779,13.5926,30.2849,72.4158,7.91025,9.33484,12.3104,28.0799,72.0457
007,5.22038,6.7916,10.2327,24.9176,70.2335,6.88874,9.71627,15.6571,31.7602,71.2843,6.89036,9.71789,15.6425,31.7529,71.2891,6.18286,8.24139,12.7818,27.9249,69.998,5.58061,7.18015,10.5711,25.4139,70.7419
008,3.25003,4.25411,7.63494,25.3556,75.2357,4.62734,6.78081,13.1151,30.9698,73.4719,4.62734,6.77949,13.1177,30.9711,73.4647,3.78444,5.29518,9.90071,27.9173,74.0598,3.34714,4.45757,7.90974,25.7763,75.7086
009,3.51955,5.26658,9.96002,27.0278,73.2914,7.17212,10.8544,17.3529,33.3168,74.7794,7.17212,10.8551,17.3501,33.3112,74.7688,5.13143,7.55988,12.8597,29.7492,73.8327,3.84008,5.5758,10.42,27.8564,74.0739
010,2.21464,4.40342,10.2451,30.4945,78.3493,5.20787,9.23086,17.4541,37.4642,78.5022,5.20787,9.23234,17.4563,37.4701,78.4948,3.19933,5.94658,12.5506,32.8495,77.5626,2.4525,4.61617,10.5125,31.0308,78.5657
011,8.83175,11.6168,17.9343,36.0349,76.7063,12.4348,17.224,25.6361,41.9597,77.0278,12.4348,17.224,25.6345,41.9566,77.0262,10.4305,13.8118,20.8326,38.527,76.8377,9.60224,12.2574,18.449,36.9693,77.4419
012,4.00208,5.09874,7.88279,22.6453,76.5074,4.96202,6.80294,11.9719,28.7763,75.4721,4.96348,6.80294,11.9704,28.7369,75.4663,4.70394,6.21294,10.237,25.9323,76.1191,4.22506,5.3963,8.28928,23.3011,76.908
013,8.89427,11.5154,16.9564,33.56,75.4427,11.9979,15.738,23.2417,39.7784,76.29,11.9989,15.738,23.2407,39.7825,76.2809,10.0741,13.0622,19.5309,35.5457,74.7991,9.38485,12.0222,17.4419,34.0263,75.9383
014,3.11068,5.01491,9.06566,24.1175,70.5247,5.11551,7.8911,14.0416,29.4682,70.3901,5.1148,7.88969,14.0395,29.4569,70.3795,4.5509,6.84122,11.9071,27.3203,70.383,3.40396,5.51718,9.89027,25.1312,71.129
015,2.68462,3.67925,7.07464,24.2958,69.9476,4.4377,7.3299,14.8564,32.9893,71.7476,4.4377,7.32697,14.8578,32.993,71.7631,3.93965,5.80128,11.0818,28.7365,70.9232,3.06825,4.13989,7.53895,24.4961,70.1141
016,8.48549,10.5283,14.8562,29.8034,72.5178,9.73843,12.5322,18.3082,33.6039,73.6817,9.73843,12.5322,18.3092,33.6171,73.6817,9.59826,11.7897,16.5136,31.7628,73.1504,9.0594,11.1893,15.7019,30.972,73.1769
017,3.90767,5.30941,8.33972,24.591,73.5244,5.32983,7.49882,12.903,30.2396,72.6602,5.32983,7.49736,12.9052,30.2461,72.6624,4.62677,6.23783,10.1747,26.9985,73.2239,4.31754,5.73825,8.89472,25.324,74.0262
018,1.99936,3.55078,7.3956,22.7055,71.303,3.60317,6.50692,13.8082,30.3276,71.4844,3.60251,6.50692,13.8049,30.3407,71.47,3.55274,5.66736,11.1952,27.2785,71.8446,2.22202,3.73807,7.50562,22.915,71.5204
019,8.45681,11.6634,18.5783,36.5394,75.529,12.9743,17.3967,24.641,40.7308,75.9332,12.9759,17.3991,24.6426,40.7291,75.9348,10.1695,13.7997,20.8578,38.1634,75.7502,9.38308,12.5954,19.568,37.7251,76.5114
020,3.44219,5.34291,9.71238,25.612,74.4134,5.95976,9.36315,16.5118,33.0169,75.3681,5.9611,9.36448,16.5064,33.0089,75.3788,4.83913,7.22424,12.7204,28.806,74.0722,3.42479,5.29876,9.77193,25.8234,74.9386
021,3.86498,5.2321,8.51254,23.8175,72.6465,5.39341,7.70121,13.4747,29.278,73.358,5.3942,7.70201,13.4731,29.286,73.35,4.86317,6.67987,11.2268,26.4703,73.1216,4.11493,5.59783,8.95574,24.0395,72.6449
022,5.29774,7.5938,12.7079,31.4706,76.8677,8.35169,12.386,20.3188,38.6694,76.2449,8.35169,12.3853,20.3203,38.6657,76.2412,7.03005,9.98619,16.3076,34.7493,76.3375,5.63524,7.95669,13.1977,32.3554,77.5046
023,4.90762,6.31607,10.171,25.34,68.4661,5.73372,8.1713,14.1768,28.6266,66.8833,5.73309,8.17067,14.1774,28.6304,66.8788,5.62935,7.4063,12.1153,27.2761,68.2109,5.56761,7.08362,11.0837,26.5639,69.4831
024,2.32951,3.9616,9.16551,28.9181,76.5752,5.81269,10.0018,17.9504,36.4417,76.3797,5.81334,10.0031,17.953,36.4443,76.3816,4.09261,6.89466,13.2809,31.7716,75.9814,2.30604,3.70805,8.5978,28.8399,77.1123
025,3.30218,5.0222,9.09677,27.3235,78.4918,4.99865,7.64552,14.6482,34.4537,75.6641,4.99865,7.64691,14.6496,34.4613,75.6628,4.30732,6.40971,11.6113,30.5052,76.7004,3.29179,4.95847,9.08845,27.5764,79.0792
026,4.92418,6.78729,10.2351,23.697,71.019,6.67098,8.93753,14.0456,28.9337,70.3546,6.67098,8.93753,14.0485,28.9468,70.3488,5.77686,7.64651,11.686,25.9047,70.1111,5.04558,6.97265,10.6087,24.3323,71.719
027,5.79574,7.1887,11.1123,28.4696,72.5652,6.91667,9.37368,15.4334,32.1271,71.3604,6.91667,9.37368,15.4327,32.1307,71.3546,7.26309,9.0681,13.8421,30.7575,72.1357,6.55786,8.09668,12.4017,30.1164,73.9064
028,5.29518,6.45087,9.89323,25.1596,71.808,6.59986,8.92437,14.4025,30.3243,72.1785,6.56667,8.89117,14.3724,30.3004,72.1584,5.88807,7.40892,11.7623,27.9303,71.8411,5.92204,7.09781,10.5039,25.8776,72.4093
029,5.04236,5.96346,8.3421,23.2869,71.3503,5.72736,7.66914,13.0624,28.3558,69.7932,5.72897,7.66995,13.0632,28.3662,69.8326,5.36438,6.63963,10.275,25.4206,70.3802,5.33869,6.29271,8.77173,23.8153,71.8217
030,2.33194,3.68773,7.48309,20.1814,63.988,2.80524,4.42396,8.93583,23.0384,65.8721,2.8077,4.42478,8.9383,23.0491,65.8836,2.55051,4.04845,8.06731,21.349,64.2394,2.68116,4.04927,7.87832,20.6547,64.2821
031,11.2512,15.1445,22.4184,40.4119,75.3219,16.0741,20.8538,28.7587,45.202,77.4727,16.0757,20.8546,28.7667,45.1971,77.4791,13.9353,18.1641,25.3804,42.1479,76.4525,12.325,16.3135,23.8686,42.5074,76.523
032,5.46052,7.86593,13.2252,29.8416,73.8822,7.1628,10.3142,17.1473,33.706,73.8295,7.1628,10.3135,17.1466,33.7109,73.8112,6.14888,8.80109,14.7243,31.2633,73.6699,6.02021,8.56343,13.9072,30.6439,74.6563
033,6.201,8.49051,13.6632,28.7126,70.5225,9.58911,13.1178,19.0433,33.7156,71.9236,9.58982,13.1192,19.0433,33.7178,71.9002,7.85919,10.5485,15.9527,30.6599,70.8222,6.60649,8.94714,14.2264,29.8808,71.2874
034,10.5124,11.6732,14.6173,26.0269,69.4443,12.7087,14.7217,19.3453,32.4179,70.5386,12.7108,14.7231,19.3474,32.4304,70.5296,12.2667,13.8176,17.4825,30.1698,70.3387,11.2934,12.5891,15.7828,27.4713,70.3691
035,5.2346,6.35664,9.53211,24.6622,71.9504,7.12586,8.99676,14.2631,29.6491,71.7125,7.12586,8.99757,14.2607,29.6483,71.6954,6.57013,7.8413,11.9563,27.4132,71.5112,5.94596,7.13157,10.5197,26.0296,73.0871
036,12.2303,15.4346,20.9485,34.4972,76.3254,14.1715,18.5445,26.0807,40.6995,78.1076,14.1726,18.5455,26.0827,40.7006,78.1117,13.7406,17.3881,23.7475,37.4706,76.8835,12.2405,15.2807,20.7227,34.4459,76.4198
037,7.32027,9.20851,14.0386,31.8464,77.1624,9.44489,12.0166,17.9415,35.3498,77.8871,9.44489,12.0139,17.9443,35.3443,77.8825,8.26027,10.3547,15.5714,33.4323,77.7075,8.31341,10.3574,15.5384,33.1648,77.6516
038,4.78258,6.70285,12.04,30.93,75.7631,6.77462,10.4459,18.1437,36.3968,75.1625,6.77392,10.4452,18.1465,36.3898,75.1674,6.23811,8.89278,14.903,33.253,75.3284,5.21108,7.12161,12.4086,31.5473,76.5902
039,3.56931,5.38803,9.61381,26.7654,71.7341,5.29826,8.10289,15.5277,33.1225,72.6262,5.29986,8.10449,15.5293,33.1289,72.6454,4.58728,6.83563,12.2421,29.5332,72.4603,3.70798,5.54113,9.73805,26.8736,71.9521
040,5.24773,6.55802,9.86395,24.4482,72.3965,6.79229,8.84031,15.0338,30.2685,70.9363,6.79229,8.84031,15.0418,30.2757,70.9334,6.33903,8.10695,12.7035,27.8247,72.2314,5.55547,6.9749,10.4089,25.0258,72.8723
041,4.81344,6.93256,12.1007,29.0128,74.8643,6.89593,9.97515,16.9056,34.3181,74.0866,6.89593,9.973,16.9077,34.3131,74.0722,5.84535,8.51597,14.4374,31.1333,74.1232,5.054,7.32177,12.5488,29.7086,75.53
042,8.84392,11.7584,18.5635,36.5685,78.5942,11.982,16.772,25.7437,43.5724,80.1467,11.9832,16.7743,25.7449,43.5771,80.1373,10.6461,14.7486,22.8009,40.8449,79.8367,9.11253,11.8933,18.47,36.9814,79.0569
044,8.65538,10.9985,17.059,36.1431,76.4781,11.3752,15.4014,22.5855,40.3436,77.5515,11.3744,15.3989,22.5863,40.3478,77.5387,10.1948,13.1519,19.7806,38.4045,77.2708,9.73465,12.1203,18.3399,37.5566,77.3686
045,6.27527,8.1108,12.0716,29.6051,75.1132,8.27013,11.1781,17.6956,34.7726,74.5132,8.27479,11.1818,17.6984,34.7698,74.5113,7.64959,9.83732,14.4802,31.4733,74.8421,6.77189,8.60835,12.6484,30.426,75.6788
046,8.12441,10.3921,14.7537,31.4511,74.5318,10.5088,13.9552,20.2138,36.8835,76.001,10.5096,13.9561,20.2164,36.8809,75.9992,9.72838,12.3417,17.3697,33.8147,75.5257,8.68269,10.8864,15.3077,32.2125,75.1411
047,4.23436,5.36951,8.71008,22.1018,71.0836,6.4692,8.65804,13.8827,28.2157,71.5316,6.4692,8.65804,13.8805,28.2127,71.5127,5.48642,7.23929,11.543,25.0735,70.7411,4.38898,5.63425,9.05176,22.6328,71.6289
048,4.98616,6.10159,8.73975,23.1614,71.0663,6.16991,8.40166,13.741,29.4653,71.8942,6.16991,8.40166,13.7392,29.4733,71.9181,5.40145,6.78309,10.6307,25.5413,70.7087,5.25592,6.39708,8.94473,23.4045,71.4381
049,12.0514,14.8426,20.7202,38.7079,78.3067,14.5153,18.2444,25.7037,42.4007,77.942,14.5143,18.2434,25.7048,42.4071,77.9345,13.155,16.0628,22.351,39.5645,77.4297,12.6759,15.4874,21.5457,39.7388,79.1034
050,5.49057,7.19011,11.854,31.3201,79.3246,7.55597,10.8072,18.6374,36.6535,76.8552,7.55597,10.8079,18.6354,36.6555,76.8519,6.49384,8.64619,14.3167,32.6953,77.1134,6.01227,7.78605,12.8358,33.2879,81.0616
051,8.88504,10.8219,15.5029,32.6605,74.8881,10.6487,13.4914,20.2474,36.6004,74.7594,10.6504,13.4931,20.2508,36.603,74.7439,10.6169,12.7528,18.0377,34.4164,75.1583,9.56441,11.5622,16.226,33.5998,75.51
052,7.23201,11.0417,18.1774,36.3563,77.7579,10.9072,15.9385,23.9974,41.0061,78.4216,10.9072,15.9385,24.0004,41.0091,78.4319,8.71457,12.969,20.5053,37.9557,77.7718,7.43341,11.2019,18.2017,36.8421,78.2599
053,8.30903,10.1573,14.5152,30.8919,76.748,10.4552,14.2747,21.8925,38.4328,76.862,10.4588,14.2756,21.8996,38.4363,76.8594,9.69062,12.3592,18.0721,34.4595,76.6145,8.95784,10.9131,15.3081,32.0481,77.9466
054,5.50784,7.40521,11.79,28.6661,75.1249,10.2741,13.5793,20.4233,37.7768,76.42,10.2741,13.5785,20.4218,37.7882,76.4405,8.96071,11.8563,17.4037,34.4724,75.9746,6.26085,8.07066,12.709,29.9239,75.6883
055,5.91741,7.76684,12.2062,27.9787,72.3133,7.08397,9.51818,15.7021,32.5229,72.5072,7.08472,9.51818,15.7029,32.5229,72.5214,6.7081,8.82558,13.9134,29.754,71.9831,6.4378,8.45794,12.9954,28.9491,72.9917
056,3.04196,5.5999,10.6508,29.8935,76.6473,6.69075,11.1141,18.6751,36.7006,74.849,6.69075,11.1127,18.6794,36.697,74.8426,5.10088,8.55405,14.6266,32.8562,75.4615,3.19545,5.85262,10.9214,30.1712,77.3191
057,9.6745,13.2727,19.9667,37.6523,77.7313,12.0547,15.8586,22.3933,38.3446,76.5198,12.0533,15.8586,22.3926,38.3511,76.5039,8.37757,11.6557,17.6755,34.5849,75.4321,10.2176,14.0505,21.3592,39.8313,78.8066
058,5.13663,6.99773,12.0971,27.8457,69.1739,7.22651,10.6655,18.1698,34.1271,71.7068,7.2256,10.6645,18.1716,34.1353,71.7004,6.53563,8.91693,14.7517,30.768,70.1253,6.11076,8.13709,13.399,29.3482,70.0717
059,6.40325,7.83438,11.0424,26.1316,73.8193,7.61693,9.93968,15.7406,32.3447,74.3261,7.61693,9.93877,15.7397,32.3419,74.3179,6.78264,8.46852,12.6427,28.1559,73.8375,7.09652,8.6614,11.8667,26.6256,74.2615
060,7.98208,11.6934,19.4762,38.2044,77.1247,11.2827,15.6237,23.7012,41.963,77.9002,11.2842,15.6237,23.7004,41.9622,77.9033,9.68811,13.4757,21.257,39.9646,77.4018,10.3743,14.1932,22.3784,41.1661,78.417
061,7.10545,8.64059,12.1864,28.2715,74.316,9.5442,12.2779,18.2142,34.265,73.8102,9.54501,12.2803,18.2158,34.2625,73.8119,8.05562,9.92328,14.2599,30.7176,73.5349,7.50251,9.01396,12.7403,29.1277,74.9826
062,4.35321,6.08762,11.3668,29.7492,75.1647,6.94623,10.2453,17.5797,35.9865,75.8142,6.94695,10.2461,17.5783,35.9815,75.8335,5.31709,7.57713,13.8187,32.7046,75.3208,4.55444,6.25161,11.4849,30.1474,75.3538
063,6.49751,8.26461,12.1423,27.9094,73.1781,8.15224,10.841,16.5872,32.2411,73.9583,8.15406,10.8428,16.5845,32.2411,73.9638,7.44359,9.34662,13.6701,29.584,73.4572,7.13276,9.07476,12.9415,28.7585,73.6502
064,8.99507,10.1781,14.0413,30.5749,76.0223,11.7502,15.7943,23.6998,40.5881,78.8392,11.7502,15.7934,23.6963,40.596,78.8462,10.0326,12.4825,18.1366,34.6596,76.5878,9.06565,10.2064,13.9302,30.619,76.4334
065,2.01083,3.2681,7.02849,24.496,78.2631,3.31108,5.80614,12.8917,31.2578,75.8338,3.31041,5.80749,12.8897,31.2558,75.8318,2.75834,4.61335,9.69616,27.3396,76.6881,2.12634,3.44742,7.21117,24.8727,78.5539
066,2.52201,3.56198,7.82207,27.5013,79.3385,3.95142,7.01938,14.8847,34.5473,77.3127,3.95214,7.02082,14.8854,34.5481,77.3148,3.05786,4.88969,10.3311,29.6771,77.3956,2.72828,3.83891,8.13074,27.9362,80.0078
067,2.2533,2.90531,5.25084,20.9324,73.9629,3.11957,4.74072,9.8972,27.7973,71.7153,3.11957,4.74001,9.89507,27.7937,71.7068,2.81166,3.80492,7.44667,24.2967,72.5461,2.52999,3.21038,5.63537,21.3538,74.3269
068,2.10472,3.77567,8.7885,24.0853,67.0782,4.64973,7.95019,14.5235,28.7643,67.1327,4.64891,7.951,14.5219,28.7651,67.127,3.40119,5.76829,11.448,26.3322,66.5502,2.23713,3.83903,8.91929,24.3591,67.5754
069,11.568,14.0231,19.2177,36.8379,76.7241,13.0489,16.4633,23.5613,40.6375,76.4394,13.0482,16.464,23.5634,40.6396,76.4422,12.4592,15.1863,20.9285,38.1466,76.6742,13.335,15.9762,21.3242,39.2578,78.5676
070,4.18693,5.35543,8.63154,23.8071,68.9332,6.14038,8.56749,13.7494,28.0655,70.2156,6.14038,8.566,13.7442,28.0536,70.2216,4.96593,6.59691,10.6431,25.5811,69.4403,4.33439,5.55129,8.93763,24.5586,69.6548
072,1.15868,2.01682,5.7743,27.5606,78.0424,2.32593,5.63391,14.3794,34.543,76.2187,2.32659,5.63194,14.3781,34.5469,76.2121,1.76175,3.64412,9.52849,30.4388,76.9068,1.3195,2.2363,6.12889,28.0041,78.6362
073,4.47623,5.26455,7.8855,22.0542,68.6355,6.00455,7.64235,12.3821,27.1526,69.6126,6.00304,7.6416,12.3814,27.1466,69.602,5.44275,6.43344,9.88198,24.6562,68.8839,4.94137,5.87089,8.72139,23.3159,69.642
074,9.06665,12.0031,18.0256,36.5073,77.158,11.0417,14.633,21.9282,39.5792,77.3567,11.0401,14.6306,21.925,39.5736,77.3552,10.1722,13.2282,19.5429,37.4671,77.1208,10.7716,13.7968,19.9428,38.2622,77.9744
075,5.10568,7.06603,12.1323,29.554,71.5091,7.26771,10.9267,18.0339,35.7649,74.4205,7.2704,10.9267,18.0366,35.7685,74.4044,5.9886,8.57192,14.5946,32.1785,72.8635,5.53862,7.43353,12.6423,30.5158,72.2477
076,2.65904,4.04766,7.9547,23.8756,74.0733,4.47227,6.96079,13.2741,30.8908,73.6847,4.47159,6.95943,13.2694,30.8867,73.6752,3.54765,5.36631,10.1755,27.1155,73.5224,2.72154,4.26846,8.3664,24.3879,74.4259
077,3.8163,5.30428,8.60662,25.1966,74.4859,5.36483,7.80762,13.7351,31.1441,73.3789,5.36557,7.8091,13.7374,31.1522,73.3833,4.67512,6.59656,11.1454,28.1482,74.1757,4.07402,5.55313,8.97585,25.6803,74.7694
078,4.93255,6.40708,10.1312,26.1702,75.0966,5.98333,8.72763,15.3911,33.0444,73.56,5.98259,8.72688,15.3881,33.0473,73.569,6.09693,8.06024,12.726,29.2964,73.9105,5.17918,6.72023,10.4368,26.3779,75.3432
079,5.95998,8.50409,13.7397,30.427,76.6566,8.51135,11.9555,18.7081,36.3551,76.4657,8.51135,11.9555,18.7045,36.3667,76.4751,7.50386,10.445,16.1313,32.9319,75.9888,6.28008,8.90186,14.3595,31.3597,77.3374
080,4.60667,6.55474,12.0894,32.3679,80.1967,5.93637,9.44452,17.6725,36.7911,78.0644,5.93718,9.44613,17.6765,36.7943,78.0644,5.27516,7.87474,14.5119,33.8714,78.6286,4.79662,6.75359,12.285,32.84,80.7157
081,5.35191,7.91844,13.0395,30.3253,76.4925,7.00344,10.0402,16.7689,34.3961,74.5804,7.00344,10.0402,16.7682,34.3947,74.5776,6.42625,9.13018,14.9113,32.2269,75.2943,6.15572,8.76333,13.9304,31.559,77.2524
083,9.31587,10.7714,14.7606,29.7141,71.7011,10.2076,13.0493,18.466,33.0608,72.0964,10.2076,13.0503,18.4641,33.0561,72.117,9.56315,11.4027,15.7441,30.6555,71.6393,10.6365,12.168,16.1412,31.5003,73.0827
084,1.41186,2.96464,8.15862,32.0148,81.9864,3.52288,7.42695,16.8077,38.4933,78.2142,3.52288,7.42604,16.8095,38.4897,78.2097,2.45337,5.02326,11.9091,34.4989,79.8013,1.45161,2.9556,8.05655,32.2723,82.7027
085,1.70915,2.73677,5.602,22.1857,71.8143,3.00899,5.35441,11.6732,28.5617,70.5631,3.00899,5.35308,11.6779,28.5631,70.5717,2.37471,3.91814,8.16439,25.0077,70.6196,1.74243,2.81131,5.79101,22.6589,72.5664
086,6.91092,9.22984,14.8002,32.1084,75.5139,9.43715,13.4705,21.7497,39.2608,75.6667,9.43642,13.4712,21.7497,39.2572,75.6616,7.99692,11.1116,17.9338,35.2842,75.4528,7.0935,9.32076,14.8569,32.2212,75.9598
088,10.8077,12.2503,15.6727,28.1107,70.03,10.8453,12.5649,16.6459,29.7025,70.6304,10.8461,12.5657,16.6467,29.7009,70.6256,10.9459,12.5385,16.329,29.0152,70.1386,12.291,13.7927,17.3261,29.6491,70.8579
089,1.63322,2.48839,5.05618,21.4867,75.5395,2.83772,4.99267,11.3796,30.2887,74.1558,2.83772,4.99191,11.3842,30.2864,74.1596,2.29256,3.60443,7.77897,25.8745,74.5051,1.575,2.40598,5.00779,21.4058,75.7777
090,4.2303,5.24884,8.383,24.6287,68.987,5.4443,7.89242,13.6941,30.9881,69.2793,5.44239,7.88571,13.6865,30.9967,69.2898,5.15877,6.80681,11.2757,27.805,68.8538,4.30792,5.36477,8.55547,25.0177,69.538
091,3.60098,5.77511,11.8624,29.8535,73.0002,8.46319,13.1749,21.132,37.3893,74.3416,8.47108,13.1808,21.1327,37.388,74.3482,5.82374,9.26239,15.9833,32.9846,73.2092,3.6069,5.75736,11.6889,30.7677,74.3968
092,9.37702,11.9575,17.5767,35.0003,74.3225,12.0895,15.7021,22.4515,38.3793,75.2742,12.0904,15.7021,22.4524,38.3784,75.2786,11.3355,14.2825,19.9795,36.7812,74.6296,10.4503,13.0955,18.9211,36.4322,75.3022
093,1.987,2.94348,6.43509,25.7895,76.7449,3.39957,6.10358,13.8094,32.4156,74.1323,3.39887,6.10358,13.8114,32.4205,74.124,2.58843,4.16156,9.46646,28.1018,74.8555,2.11712,3.13726,6.67663,26.2283,77.3568
095,1.5898,3.56286,8.54814,28.8575,75.9105,4.90876,8.82484,16.8066,34.4371,74.4792,4.90876,8.82415,16.808,34.4365,74.4779,3.20214,5.80853,11.8569,31.0143,75.1255,1.49893,3.27934,8.29809,29.1369,76.8014
096,4.73582,6.59791,10.5438,27.3477,73.0452,6.53314,9.54064,16.5476,33.1472,73.4007,6.53314,9.54134,16.5448,33.1494,73.4112,5.84533,8.16361,13.2543,30.1031,72.9452,5.07656,7.02383,11.1035,28.1721,73.8287
097,3.24328,5.39088,11.3501,27.8169,71.8028,7.76666,11.7921,18.9854,34.7139,74.0674,7.76666,11.7928,18.9861,34.7146,74.0674,4.68913,7.3225,13.6491,30.2192,72.8268,3.52671,5.71019,11.8258,28.9664,72.7973
098,10.2894,13.127,18.855,34.2517,72.9165,13.5521,16.8957,23.2827,37.7139,72.9662,13.5513,16.8935,23.2827,37.7085,72.9402,12.0109,15.1429,21.104,36.0718,72.6902,10.6273,13.4206,19.2846,34.9275,73.5663
099,1.42038,2.55617,5.96439,25.9003,78.3129,3.16049,6.10069,13.5566,34.5828,77.622,3.16049,6.09983,13.56,34.5863,77.6091,2.3693,4.15484,9.04688,29.0188,77.5217,1.40495,2.45159,5.82895,25.6354,78.6737
100,2.99374,4.82284,8.99006,26.9959,75.5227,6.26004,9.92339,17.5565,36.5856,75.1263,6.2593,9.92486,17.5536,36.5908,75.1204,4.68656,7.26335,12.9768,31.3481,75.1344,3.04088,4.83904,9.00774,27.368,76.2026
101,3.13582,4.9979,10.2168,30.759,80.2229,4.96602,8.52135,16.9,37.706,76.9878,4.96602,8.52135,16.905,37.7038,76.9856,3.95745,6.65928,13.0635,33.1732,78.1717,3.16191,5.05514,10.282,31.1981,80.8583
102,3.56707,5.16954,8.62433,21.6679,66.775,5.058,7.18471,12.6338,25.6031,66.4485,5.05874,7.18769,12.6398,25.6098,66.4523,4.59548,6.28644,10.1725,22.906,66.0819,3.81916,5.58894,9.28019,22.9387,67.5305
103,5.74571,7.37622,11.1577,26.2395,73.1475,7.58544,10.4349,16.4504,33.231,75.0564,7.58544,10.4358,16.4504,33.2276,75.053,6.599,8.74564,13.4409,29.2187,73.9455,6.25059,8.04018,12.1026,26.9225,73.591
104,3.86443,4.4256,6.73883,21.4018,69.3588,5.59816,7.72327,13.288,28.6428,69.6896,5.59816,7.72248,13.2848,28.6492,69.696,5.09677,6.53158,10.4893,25.7357,69.2966,4.08842,4.69821,7.08877,21.9112,69.9638
105,4.27759,6.03444,11.4929,28.1459,70.5136,7.51239,11.3669,18.5701,33.8395,70.7709,7.51442,11.3676,18.5735,33.8381,70.7675,7.50094,10.0837,15.9073,31.6609,71.6972,5.87142,7.49555,12.8887,30.0624,71.972
106,7.24413,9.89182,15.7246,32.9718,74.3865,9.01138,12.5884,19.8758,36.3433,74.1745,9.01068,12.5906,19.8758,36.344,74.1717,8.12953,10.9374,17.2054,33.9628,74.3163,7.85023,10.6234,16.4682,33.8912,75.3045
107,2.84311,4.62295,8.8137,26.6347,76.514,4.43138,7.2135,14.085,32.368,75.1008,4.43138,7.2135,14.0876,32.3673,75.0835,3.79435,6.07003,11.5116,29.1165,75.6171,2.75826,4.49966,9.01191,27.3725,77.1676
108,2.21198,3.51398,7.99417,30.8014,80.3773,4.4097,8.20404,17.7457,40.0611,78.9153,4.40812,8.20325,17.7465,40.0691,78.9137,3.354,5.57232,12.2075,34.9751,79.2907,2.54382,3.79355,8.16603,31.1079,80.9863
109,6.99919,9.45443,14.1671,27.802,70.3339,8.8088,12.2885,18.7731,34.1732,72.7056,8.8088,12.2885,18.7731,34.1617,72.711,7.88176,10.646,16.0403,30.3769,70.9704,7.57582,10.1016,14.8986,28.5772,70.7948
110,4.06043,5.41968,8.47313,21.6856,70.1243,5.32002,7.59281,12.8069,27.279,71.179,5.31933,7.59281,12.8097,27.2866,71.1603,4.93661,6.57199,10.5418,24.1529,70.1451,4.37602,5.77748,8.98112,22.3839,70.5458
111,7.72497,9.88109,14.2007,31.1487,75.6759,9.83961,13.4101,20.36,37.3601,75.7247,9.83961,13.4101,20.3624,37.3634,75.7182,9.05882,11.7265,17.1384,34.132,75.6767,8.15521,10.3504,14.9514,32.1337,76.455
112,8.30496,11.6791,19.2379,39.6759,79.0919,13.4418,19.0085,28.0838,45.2909,80.3532,13.4434,19.0117,28.0838,45.2925,80.3467,10.0242,13.9795,21.7387,40.4156,79.3076,8.49331,11.9495,19.4158,40.0808,79.5443
113,4.60824,5.88784,10.3526,26.5804,72.6063,6.14079,8.59329,14.6769,31.1053,72.4367,6.1415,8.594,14.679,31.1208,72.4261,5.60804,7.38859,12.1784,28.2281,72.3011,4.70151,6.08497,10.7144,27.0531,72.7455
114,6.13348,8.36817,14.0425,33.1526,76.1991,8.55906,12.4004,19.6949,38.3437,76.9734,8.55906,12.4004,19.697,38.3437,76.9677,6.17181,8.9373,15.1708,33.8204,75.4668,6.52734,8.91743,14.8323,34.1383,76.9123
115,2.06228,3.46329,7.80258,26.2283,77.6985,3.8402,6.78218,14.1545,32.972,75.7555,3.84094,6.78144,14.1538,32.9727,75.7473,3.06787,5.1605,10.8497,29.2236,76.6359,2.18446,3.57436,8.01807,26.8792,78.3339
116,5.77864,6.98832,9.82281,26.1501,77.1135,6.7899,9.18055,16.0784,34.2837,75.8289,6.78903,9.18142,16.0784,34.2906,75.8385,6.25816,7.96129,12.8992,30.431,76.0604,6.36694,7.55574,10.4442,26.7131,77.687
117,8.201,10.3482,14.9906,30.6684,71.8195,10.1702,13.0785,19.1099,35.169,72.9691,10.171,13.0792,19.1106,35.1682,72.972,10.0668,12.4585,17.4922,33.6389,72.5242,8.69295,10.9617,15.8609,31.7854,72.5546
118,2.97383,4.29389,7.88916,24.6273,73.3712,5.54143,8.80376,15.054,32.7457,75.0546,5.54143,8.79986,15.0501,32.7574,75.039,4.22761,6.4077,11.2489,28.9906,74.6335,3.32393,4.66114,8.18545,25.0975,73.8663
119,6.85445,9.10497,14.2266,30.9035,76.7255,7.84287,10.7423,17.401,35.1638,74.1987,7.84287,10.7443,17.4037,35.1672,74.1913,7.31706,9.87621,15.4773,32.2866,74.7245,7.35942,9.77333,15.1377,32.054,77.4289
121,2.01865,3.36589,7.19728,25.182,76.0071,4.04833,6.8134,13.5871,32.6293,75.1166,4.04612,6.81487,13.5842,32.6286,75.1136,3.24161,5.14333,10.2425,28.4795,75.16,2.23118,3.62474,7.47746,25.6446,76.5064
123,21.1927,25.4822,32.5395,45.5941,77.2581,25.7212,30.1003,37.066,49.1851,78.2046,25.7212,30.1003,37.0674,49.1865,78.2101,22.5318,26.7766,33.8187,46.5406,77.0177,21.7775,26.0023,33.0031,46.2161,77.8966
124,7.10162,9.46999,14.6788,29.6115,72.9064,10.3673,13.9102,20.5224,35.529,74.9026,10.3646,13.9094,20.5215,35.5359,74.9104,8.77008,11.4419,17.095,31.9773,73.708,7.52069,9.8795,14.9657,29.9871,73.135
125,7.57972,9.72167,14.1695,30.6593,76.4637,10.1207,13.557,20.5134,37.5941,77.0771,10.1207,13.557,20.5071,37.5914,77.0834,9.28662,11.9159,17.5581,34.0569,76.3601,7.82652,9.96307,14.5037,30.9854,76.8825
126,7.83353,8.94798,11.0413,21.6214,67.2045,8.00355,9.49041,13.3789,26.232,68.0388,8.00355,9.48972,13.3769,26.2444,68.0367,7.94711,9.23571,12.133,23.798,66.713,9.09116,10.134,12.164,22.6766,67.6726
127,5.54266,6.95723,10.9029,27.3797,73.6773,7.9937,10.3816,16.8815,34.2301,73.9362,7.99459,10.3825,16.886,34.2337,73.9308,6.75261,8.63338,13.8113,30.9668,73.3917,5.90297,7.32289,11.2419,27.6528,73.9967
128,4.14675,6.20501,11.3251,32.1868,80.7442,6.82249,10.0855,18.2348,38.622,78.8325,6.82714,10.0878,18.2348,38.6232,78.822,5.46892,7.97721,13.9369,34.5811,79.6035,4.20373,6.33758,11.6309,33.1077,81.571
129,7.20886,9.68713,15.0333,30.448,73.2982,8.62837,11.8275,18.5039,35.7379,74.6755,8.6277,11.8275,18.5006,35.7278,74.6842,8.27701,10.9725,16.4414,32.7097,73.7066,7.88877,10.483,16.2724,31.895,74.2845
130,5.71291,7.17028,11.1266,27.2797,73.2177,8.32919,11.0823,16.8317,32.9833,74.3945,8.32608,11.0792,16.8278,32.9685,74.3813,7.38015,9.31243,13.6449,29.9325,74.0486,6.46064,7.95765,11.9808,28.577,74.0587
131,8.31789,11.8517,19.196,36.8081,76.7429,10.4449,14.7278,23.0711,40.4882,77.0766,10.4449,14.7264,23.0738,40.4847,77.0711,10.1607,13.7611,21.323,38.8919,77.0518,9.88328,13.5235,20.9372,38.3062,77.4617
132,4.46441,6.4067,10.9387,23.5436,66.7371,7.25191,9.85728,14.9855,28.9828,68.5335,7.25191,9.85728,14.9819,28.9949,68.5385,5.51168,7.72788,12.4036,25.2462,66.5315,4.85002,7.0214,11.8408,24.7097,67.3191
133,5.24441,6.87201,11.6199,28.3682,73.0047,7.03878,9.68221,16.8036,33.5701,72.7462,7.03878,9.68221,16.8021,33.5822,72.7606,6.08588,8.11526,13.904,31.2026,73.3679,5.57114,7.20025,12.2225,29.3415,73.7863
134,3.72913,5.13173,9.04898,26.2844,75.9988,4.68493,7.24283,14.0677,32.2134,74.4407,4.68265,7.24055,14.0669,32.2089,74.44,4.37164,6.37502,11.5098,29.4818,75.6939,4.00752,5.43288,9.40247,26.7108,76.4145
135,4.8332,6.69138,10.7449,28.2235,74.8866,6.40298,9.36521,15.8561,33.3411,72.863,6.40298,9.36681,15.8577,33.3435,72.8566,5.74871,7.97517,13.0376,30.2478,73.3479,5.07366,7.00134,11.1371,28.9656,75.6303
136,6.28559,8.65319,13.8008,28.3679,69.5938,9.35073,12.7672,18.8856,32.7153,71.5014,9.35073,12.7664,18.8831,32.7305,71.504,7.36331,10.2494,15.7449,30.3426,70.4907,7.03066,9.57986,14.8242,29.8114,70.3999
137,6.85744,7.63075,9.88926,24.1625,71.1697,8.02159,10.04,15.5295,31.6006,71.3866,8.04485,10.0512,15.5397,31.5959,71.3773,7.76103,9.18667,13.0476,27.8708,70.805,7.48372,8.30728,10.5742,24.7097,71.8044
138,8.3354,11.1836,17.1859,35.1142,76.3985,10.6917,14.2897,21.9009,39.4447,76.6068,10.6908,14.2889,21.9025,39.4489,76.6093,9.97156,13.1488,19.9249,37.4572,76.6523,9.56727,12.6056,18.6542,36.1278,76.9582
139,1.87901,3.01891,6.38164,25.7345,76.209,3.22204,5.85115,13.3734,33.3857,74.1228,3.22342,5.85252,13.3761,33.3857,74.1187,2.62499,4.39625,9.82054,29.8796,74.8736,2.03411,3.16577,6.35762,25.7461,76.5234
140,13.0394,15.6299,20.539,36.4524,77.8504,20.9369,24.7095,31.8418,47.325,81.0468,20.9377,24.7103,31.8418,47.3258,81.0451,18.3879,21.1052,26.6716,42.2742,79.3541,12.8993,15.397,20.2505,36.6315,78.3428
141,5.95718,8.39569,14.2968,33.0224,76.1233,12.1698,15.8625,23.3057,41.4197,78.5724,12.1738,15.8666,23.3098,41.4172,78.5715,9.12773,12.1055,18.6622,37.5805,77.6183,7.08615,9.70198,16.0667,34.9875,77.1498
142,2.80073,3.84013,8.13853,27.7781,75.2635,4.36742,7.65127,15.8678,33.9559,74.084,4.36742,7.65265,15.8685,33.9531,74.0771,3.67035,5.73258,11.5156,29.743,73.5946,3.10785,4.21765,8.55264,28.1501,75.8839
143,5.92441,7.96541,12.8577,30.0643,75.1524,8.5153,11.9608,18.6781,34.4583,74.7552,8.51602,11.9608,18.6759,34.4656,74.7523,7.08747,9.51616,14.7343,31.2215,74.7109,6.62778,8.79315,13.8564,31.0972,76.1198
144,4.30546,6.45857,11.8744,30.7787,76.6619,6.41075,9.99294,17.7698,36.042,75.8407,6.41075,9.99294,17.7736,36.0519,75.8377,5.50154,8.04475,14.1952,32.5175,75.6768,4.66444,6.84562,12.42,31.4686,77.0763
145,8.13381,10.7669,16.7074,33.3094,73.1521,10.6064,14.1332,20.8418,37.1162,73.9472,10.6049,14.1325,20.8411,37.1162,73.9427,9.43731,12.228,18.4685,34.8541,73.1035,9.30144,12.0003,18.2042,35.255,74.3063
146,1.55905,2.49605,5.88597,23.9647,77.2546,2.93318,5.29789,12.2581,29.5586,74.3267,2.93253,5.29855,12.2672,29.5618,74.3332,2.3242,3.77609,8.76099,26.4679,75.1859,1.56166,2.49866,5.99705,24.505,77.9146
147,2.52704,4.30588,9.20732,26.5019,72.5,4.17998,7.41412,14.5321,31.5541,70.6299,4.17933,7.41478,14.5367,31.571,70.6351,3.39135,5.61767,11.2327,28.5593,71.2339,2.72534,4.49244,9.57261,27.0616,73.0473
148,4.33259,6.14441,10.9346,33.4056,80.115,7.93771,12.201,21.2988,42.9609,80.7885,7.94254,12.1994,21.2972,42.965,80.7869,4.97708,7.59049,14.4728,36.4508,79.6172,4.01034,5.78269,10.4472,33.1478,80.6032
149,9.33761,12.5447,18.9894,36.7527,76.4934,11.8756,16.0685,23.679,40.2196,76.2599,11.8747,16.0685,23.6824,40.2145,76.2683,10.4898,14.2531,21.3542,38.3949,76.4475,10.1307,13.4108,20.1433,38.6284,77.7645
150,3.62822,5.3513,9.76952,26.6336,75.4865,6.06069,9.1179,16.017,34.3105,75.5846,6.06069,9.1179,16.0143,34.3179,75.5866,4.82329,7.16373,12.5527,30.0804,75.3703,3.46363,5.18202,9.68622,26.8472,76.1395
151,6.45213,7.92576,11.9535,28.8419,76.6941,9.29512,12.5929,19.6417,36.4035,76.4219,9.29367,12.5893,19.6439,36.4071,76.4334,9.35232,11.4284,16.4584,32.5293,75.9881,6.25081,7.786,11.7253,28.7732,76.907
152,6.37532,7.95047,11.5593,27.4802,71.7982,8.82626,11.4242,17.1375,32.4059,71.5868,8.82547,11.4226,17.1399,32.4083,71.5797,7.5849,9.68934,14.3878,30.2712,71.8594,6.46433,8.23737,12.2221,28.561,72.7273
153,7.91026,11.4499,19.3866,37.7647,76.1231,12.3899,17.7283,26.4766,43.1181,78.3693,12.3913,17.7283,26.4773,43.1238,78.3708,9.86645,13.9206,21.7411,38.9798,76.855,8.37063,11.9894,19.7949,38.5123,76.9476
154,4.25666,5.70981,9.57279,29.5897,78.3277,5.44444,8.18884,15.6783,35.0711,76.2598,5.44512,8.18749,15.6803,35.0725,76.2592,5.09644,7.06555,12.4482,31.6267,76.3149,4.47702,5.87844,9.7824,30.2266,78.9236
155,6.64756,8.0511,12.0216,28.4474,73.3993,9.13427,12.7732,19.257,34.9689,72.4462,9.13346,12.7716,19.2537,34.9689,72.4511,8.16994,10.5772,15.6509,31.3163,72.1066,6.88683,8.2414,12.126,29.0834,74.2039
156,5.83993,8.07267,13.0543,30.6196,77.1626,7.18127,10.3262,17.378,35.4865,75.7874,7.18204,10.3262,17.3773,35.4895,75.7882,6.65814,9.25375,14.9434,32.3739,76.0532,6.36691,8.77531,13.9296,31.5118,77.7327
157,5.01001,6.89109,11.8646,28.7242,72.5175,6.90443,9.48459,15.7531,32.5975,72.7914,6.90532,9.48726,15.7558,32.5993,72.7789,6.10931,8.34616,13.7208,30.6257,72.7781,5.62903,7.52079,12.7016,29.5335,73.0511
158,2.41846,4.09649,8.3786,24.7687,72.8775,4.53164,7.46548,14.2177,31.2993,72.2825,4.53232,7.46684,14.217,31.3027,72.2581,3.46145,5.76297,11.2995,28.209,72.6477,2.47081,4.11145,8.54314,25.0495,73.3378
159,3.22668,4.6602,9.17897,28.4573,75.527,5.82437,8.93235,16.7546,35.3996,75.0593,5.82437,8.93164,16.7546,35.4003,75.0657,4.27073,6.29629,12.002,31.4182,75.3614,3.42426,4.86418,9.45758,28.9321,76.6571
160,4.32688,5.38314,8.95244,24.0685,68.5286,6.68887,9.12295,14.6377,31.1476,71.5978,6.69116,9.12524,14.6411,31.1602,71.6138,5.03639,6.41536,10.8796,27.1835,69.1522,4.41843,5.50444,9.11494,24.556,69.0309
161,10.8172,13.8957,20.0123,35.7391,75.6696,14.6864,19.7913,27.8955,43.4044,78.5906,14.6884,19.7943,27.8916,43.4024,78.6035,12.8048,16.7989,23.7131,39.436,76.8081,11.0292,13.9522,19.8855,36.1057,76.5534
162,5.59042,8.1008,14.4471,33.6195,76.6779,8.81124,13.318,22.1997,41.2049,77.1669,8.81197,13.3166,22.2011,41.2086,77.161,7.3141,10.5855,18.0287,36.8455,76.5554,5.94381,8.48058,14.8372,34.187,77.4382
163,3.64244,5.12426,9.11868,26.0037,75.3866,4.6801,7.25137,13.4834,31.1326,74.9128,4.68086,7.25213,13.4841,31.1288,74.9082,4.28393,6.34323,11.1826,28.1712,74.8168,3.93652,5.48309,9.75331,26.7222,75.8384
164,7.50466,8.84449,12.4612,27.2891,69.5676,9.24724,11.9379,18.022,33.0572,70.741,9.24624,11.9359,18.0279,33.0592,70.725,8.43975,10.4615,15.422,30.4124,69.9096,8.26629,9.59416,13.4243,28.5851,70.728
165,2.33478,3.82603,8.84383,28.5637,74.545,4.74307,7.87649,15.202,34.1874,73.7401,4.74307,7.87649,15.1973,34.1928,73.7386,3.18449,5.28092,10.9503,30.4388,73.6473,2.55069,4.16963,9.21374,28.9166,74.9482
166,8.29799,11.9,18.9164,36.6663,75.3426,10.6137,14.986,22.5479,39.7345,76.0616,10.6153,14.9806,22.551,39.7726,76.0802,9.70641,13.422,20.5419,37.986,75.8437,9.41461,13.0516,20.0781,38.0755,76.2242
167,4.00063,5.90945,10.8219,27.1257,72.6889,5.85345,8.90835,15.3423,32.3553,70.8014,5.85345,8.90756,15.3463,32.3671,70.788,4.8596,7.45465,13.0344,29.4565,70.997,4.47074,6.55624,11.7313,28.1945,73.495
168,7.63291,8.94551,12.588,30.2584,75.7081,9.61072,12.8137,19.9002,36.9911,74.7985,9.61072,12.8137,19.8994,36.9886,74.7993,8.33376,10.3743,15.4058,32.4721,74.5202,8.15049,9.5369,13.2227,31.084,76.7381
169,12.4004,13.7385,16.7657,30.9395,75.6587,13.6425,16.7325,22.7635,37.605,76.5517,13.6416,16.7316,22.7635,37.5978,76.5535,12.9173,14.9689,19.1386,33.9263,76.4027,13.3472,14.6091,17.481,31.7194,76.4279
170,5.26973,7.25413,11.8916,29.3582,73.9875,8.65401,11.6825,18.2237,35.0721,73.5475,8.65471,11.6825,18.2258,35.0813,73.5447,7.77759,10.1479,15.1882,31.9461,73.7671,6.13562,8.21896,12.9435,30.3813,74.8863
171,3.1487,4.23727,7.53395,26.592,75.6278,4.18691,6.95597,14.2792,32.9436,74.5121,4.18613,6.95674,14.2815,32.9413,74.5206,3.69027,5.47227,10.6199,29.5447,74.9072,3.31761,4.37518,7.65405,26.9104,76.3018
172,3.85148,6.01537,11.336,28.377,71.0362,6.34166,10.0168,17.0339,34.6546,73.8957,6.34341,10.0168,17.033,34.6528,73.8913,5.43208,7.95909,13.856,31.5767,72.78,4.34882,6.67234,12.0983,29.1751,71.5687
173,8.80214,10.7048,15.4473,30.4362,72.7308,10.6618,13.5206,19.6483,34.6205,72.3409,10.6618,13.5191,19.6447,34.6249,72.346,9.99359,12.34,17.6225,32.4766,72.7869,9.76331,11.7389,16.724,32.1421,73.7488
174,7.41278,9.23304,14.2848,34.2481,76.6661,10.5125,14.3304,21.9749,40.0356,76.6212,10.5118,14.3304,21.9735,40.0386,76.6242,8.6746,11.3476,17.4794,36.0154,76.2489,8.189,10.0976,15.3663,35.791,78.1671
175,3.07235,4.205,7.53798,24.2362,75.9733,4.25777,6.60263,13.0616,30.1479,74.7619,4.25696,6.60182,13.0656,30.1422,74.7619,3.53921,5.28081,9.98189,26.9123,75.1646,3.35978,4.50866,7.86194,24.7997,76.3314
176,4.22115,5.01508,8.24089,22.6478,66.3459,4.9586,7.00896,12.121,27.5819,66.9576,4.95647,7.00577,12.12,27.5851,66.9864,4.88294,6.10633,10.0866,25.263,66.6763,4.89999,5.66727,9.17442,24.1056,67.5736
177,3.77499,6.61522,12.9546,33.1361,78.7966,7.85783,12.3197,20.8572,40.092,77.4596,7.85783,12.3197,20.858,40.0952,77.4588,5.56293,8.89093,15.6477,34.9,77.2493,3.70702,6.49768,12.9866,33.5919,80.0576
178,6.25623,7.95435,12.2228,26.9634,70.2023,7.85264,10.7989,16.747,31.4722,71.9086,7.8547,10.801,16.749,31.4794,71.925,7.15614,9.29394,14.2599,29.3026,71.0077,6.65482,8.506,12.9562,27.9825,70.6491
179,3.85613,6.14953,11.295,28.4373,71.3936,5.82169,9.04861,15.7281,31.7356,71.6773,5.81948,9.05155,15.7355,31.737,71.6553,5.41373,7.97689,13.5803,29.7369,71.3767,4.39493,6.68465,11.8161,28.9548,72.2213
181,4.33572,5.90165,9.45542,27.3268,77.0571,5.10612,7.60279,13.8998,32.2665,74.5401,5.10612,7.60347,13.8998,32.2685,74.5469,4.96685,6.82423,11.501,29.5518,75.3832,4.48586,6.14962,9.79103,27.6128,77.3166
182,4.33353,6.07632,9.93479,25.7451,72.8458,6.42263,9.39328,15.1911,32.0866,72.9039,6.42193,9.39398,15.1897,32.0831,72.9403,5.44315,7.65609,12.4059,28.7269,72.5429,4.53642,6.22674,10.2272,26.2083,73.2824
183,5.77986,8.31478,14.1647,31.8175,76.1535,8.85516,13.2015,21.2299,38.1243,75.851,8.85695,13.2015,21.2272,38.1288,75.8653,7.22505,10.5535,17.4024,34.1182,74.5799,6.06352,8.51047,14.3523,32.6335,77.1597
184,3.65363,5.06164,8.59401,26.7806,78.0864,4.88274,7.46072,14.5225,33.0571,76.4928,4.88124,7.46072,14.527,33.0631,76.4875,4.43886,6.35138,11.4707,29.3002,76.8184,4.21055,5.62005,9.15392,27.1586,78.4974
185,7.24988,10.2787,16.3112,32.7908,73.09,9.74059,13.2754,20.6937,36.4108,72.561,9.73919,13.2726,20.6916,36.415,72.5596,8.61753,11.74,18.1331,34.1997,72.3269,7.73908,11.1502,17.537,34.3506,74.2977
186,11.366,14.9893,21.6044,37.1826,75.301,14.6357,18.8783,26.1998,40.4531,75.5872,14.6357,18.8799,26.2031,40.4663,75.5979,12.6842,16.5255,23.3956,38.741,75.3158,12.2475,15.9622,22.7377,38.6324,76.2656
187,3.79558,4.86292,8.22709,22.4811,70.9333,5.87076,8.39668,13.6679,27.8841,70.917,5.87299,8.39817,13.6702,27.89,70.9244,4.59441,6.32819,10.5046,24.6054,70.2684,4.02169,5.1463,8.39222,22.531,70.9608
188,7.76831,9.35973,13.7309,29.9787,72.2961,10.4195,13.4993,19.5105,34.6279,73.0003,10.4195,13.4958,19.514,34.6441,73.013,9.04237,11.2013,16.3509,32.1145,72.7663,8.26866,9.84966,14.2591,31.0234,73.4404
189,8.4503,11.7322,18.5046,37.0615,78.1468,11.0489,16.2974,25.7527,44.4607,80.1997,11.0509,16.2995,25.7588,44.4709,80.209,10.2022,14.5363,22.6804,41.2281,79.1219,8.79041,11.9963,18.5919,37.0872,78.2382
190,4.06541,5.36278,8.67412,18.4864,65.2299,5.71406,7.58551,11.5492,21.9998,65.177,5.71406,7.58484,11.5512,21.9944,65.1844,4.63481,6.0573,9.56201,19.8092,64.7348,4.22733,5.70134,9.21341,19.5683,66.0756
191,20.6366,23.0966,27.5054,40.13,78.2983,22.1982,24.6348,29.448,42.597,77.6924,22.1991,24.6356,29.4489,42.6065,77.7046,14.4059,16.5395,20.6045,33.9097,75.3114,22.088,24.673,29.2084,41.9052,78.9537
192,2.43931,3.42732,6.80506,20.8874,70.4285,3.55684,5.8918,10.951,25.5758,69.1563,3.55684,5.89106,10.9547,25.5802,69.1482,3.04544,4.74541,9.00237,23.1683,69.2747,2.67984,3.63455,7.05299,21.5616,70.917
193,11.2642,13.7526,19.5259,34.3881,73.18,12.2071,15.7129,22.3429,36.964,73.3738,12.2426,15.7649,22.4374,37.055,73.427,12.0984,14.8953,20.8978,35.7269,73.3502,12.2,14.679,20.4405,35.4291,73.6645
